{
  "project_info": {
    "project_number": "1087248227022",
    "firebase_url": "https://etherwallet-18c58.firebaseio.com",
    "project_id": "etherwallet-18c58",
    "storage_bucket": "etherwallet-18c58.appspot.com"
  },
  "client": [
    {
      "client_info": {
        "mobilesdk_app_id": "1:1087248227022:android:a6caf26e51a7fbe5",
        "android_client_info": {
          "package_name": "dev.clempe.etherwallet"
        }
      },
      "oauth_client": [
        {
          "client_id": "1087248227022-8k648l9jcc33da5d0hdd8me46eaeqira.apps.googleusercontent.com",
          "client_type": 3
        }
      ],
      "api_key": [
        {
          "current_key": "AIzaSyDAV_JhknsPbDt-VoLCNnYLvtCwJm57GCE"
        }
      ],
      "services": {
        "appinvite_service": {
          "other_platform_oauth_client": [
            {
              "client_id": "1087248227022-8k648l9jcc33da5d0hdd8me46eaeqira.apps.googleusercontent.com",
              "client_type": 3
            }
          ]
        }
      }
    }
  ],
  "configuration_version": "1"
}